[{"ua":"Mozilla/5.0 (Macintosh; Intel Mac OS X 10_13_6) AppleWebKit/537.36 (KHTML, like Gecko) Chrome/67.0.3396.87 Safari/537.36 OPR/54.0.2952.7","browser":{"name":"Opera","version":"54.0.2952.7","major":"54"},"engine":{"name":"Blink","version":"67.0.3396.87"},"os":{"name":"Mac OS","version":"10.13.6"},"device":{},"cpu":{}},{"ua":"Mozilla/5.0 (Macintosh; Intel Mac OS X 10_13_3) AppleWebKit/537.36 (KHTML, like Gecko) Chrome/63.0.3239.132 Safari/537.36 OPR/50.0.2762.67","browser":{"name":"Opera","version":"50.0.2762.67","major":"50"},"engine":{"name":"Blink","version":"63.0.3239.132"},"os":{"name":"Mac OS","version":"10.13.3"},"device":{},"cpu":{}},{"ua":"Mozilla/5.0 (Macintosh; Intel Mac OS X 10_13_1) AppleWebKit/537.36 (KHTML, like Gecko) Chrome/60.0.3112.78 Safari/537.36 OPR/47.0.2631.55","browser":{"name":"Opera","version":"47.0.2631.55","major":"47"},"engine":{"name":"Blink","version":"60.0.3112.78"},"os":{"name":"Mac OS","version":"10.13.1"},"device":{},"cpu":{}},{"ua":"Opera/9.80 (Macintosh; Intel Mac OS X 10.6.8; U; fr) Presto/2.9.168 Version/11.52","browser":{"name":"Opera","version":"11.52","major":"11"},"engine":{"name":"Presto","version":"2.9.168"},"os":{"name":"Mac OS","version":"10.6.8"},"device":{},"cpu":{}},{"ua":"Opera/9.80 (Macintosh; Intel Mac OS X 10.6.8; U; de) Presto/2.9.168 Version/11.52","browser":{"name":"Opera","version":"11.52","major":"11"},"engine":{"name":"Presto","version":"2.9.168"},"os":{"name":"Mac OS","version":"10.6.8"},"device":{},"cpu":{}},{"ua":"Opera/9.80 (Macintosh; Intel Mac OS X; U; nl) Presto/2.6.30 Version/10.61","browser":{"name":"Opera","version":"10.61","major":"10"},"engine":{"name":"Presto","version":"2.6.30"},"os":{"name":"Mac OS"},"device":{},"cpu":{}},{"ua":"Opera/9.61 (Macintosh; Intel Mac OS X; U; de) Presto/2.1.1","browser":{"name":"Opera","version":"9.61","major":"9"},"engine":{"name":"Presto","version":"2.1.1"},"os":{"name":"Mac OS"},"device":{},"cpu":{}},{"ua":"Opera/9.52 (Macintosh; PPC Mac OS X; U; ja)","browser":{"name":"Opera","version":"9.52","major":"9"},"engine":{},"os":{"name":"Mac OS"},"device":{},"cpu":{"architecture":"ppc"}},{"ua":"Opera/9.52 (Macintosh; PPC Mac OS X; U; fr)","browser":{"name":"Opera","version":"9.52","major":"9"},"engine":{},"os":{"name":"Mac OS"},"device":{},"cpu":{"architecture":"ppc"}},{"ua":"Opera/9.52 (Macintosh; Intel Mac OS X; U; pt-BR)","browser":{"name":"Opera","version":"9.52","major":"9"},"engine":{},"os":{"name":"Mac OS"},"device":{},"cpu":{}},{"ua":"Opera/9.52 (Macintosh; Intel Mac OS X; U; pt)","browser":{"name":"Opera","version":"9.52","major":"9"},"engine":{},"os":{"name":"Mac OS"},"device":{},"cpu":{}},{"ua":"Opera/9.51 (Macintosh; Intel Mac OS X; U; en)","browser":{"name":"Opera","version":"9.51","major":"9"},"engine":{},"os":{"name":"Mac OS"},"device":{},"cpu":{}},{"ua":"Opera/9.50 (Macintosh; Intel Mac OS X; U; en)","browser":{"name":"Opera","version":"9.50","major":"9"},"engine":{},"os":{"name":"Mac OS"},"device":{},"cpu":{}},{"ua":"Opera/9.50 (Macintosh; Intel Mac OS X; U; de)","browser":{"name":"Opera","version":"9.50","major":"9"},"engine":{},"os":{"name":"Mac OS"},"device":{},"cpu":{}},{"ua":"Opera/9.27 (Macintosh; Intel Mac OS X; U; sv)","browser":{"name":"Opera","version":"9.27","major":"9"},"engine":{},"os":{"name":"Mac OS"},"device":{},"cpu":{}},{"ua":"Mozilla/5.0 (Macintosh; Intel Mac OS X; U; en; rv:1.8.0) Gecko/20060728 Firefox/1.5.0 Opera 9.27","browser":{"name":"Opera","version":"9.27","major":"9"},"engine":{"name":"Gecko","version":"1.8.0"},"os":{"name":"Mac OS"},"device":{},"cpu":{}},{"ua":"Opera/9.26 (Macintosh; PPC Mac OS X; U; en)","browser":{"name":"Opera","version":"9.26","major":"9"},"engine":{},"os":{"name":"Mac OS"},"device":{},"cpu":{"architecture":"ppc"}},{"ua":"Opera/9.25 (Macintosh; PPC Mac OS X; U; en)","browser":{"name":"Opera","version":"9.25","major":"9"},"engine":{},"os":{"name":"Mac OS"},"device":{},"cpu":{"architecture":"ppc"}},{"ua":"Opera/9.25 (Macintosh; Intel Mac OS X; U; en)","browser":{"name":"Opera","version":"9.25","major":"9"},"engine":{},"os":{"name":"Mac OS"},"device":{},"cpu":{}},{"ua":"Opera/9.24 (Macintosh; PPC Mac OS X; U; en)","browser":{"name":"Opera","version":"9.24","major":"9"},"engine":{},"os":{"name":"Mac OS"},"device":{},"cpu":{"architecture":"ppc"}},{"ua":"Mozilla/4.0 (compatible; MSIE 6.0; Mac_PowerPC; en) Opera 9.24","browser":{"name":"Opera","version":"9.24","major":"9"},"engine":{},"os":{"name":"Mac OS"},"device":{},"cpu":{"architecture":"ppc"}},{"ua":"Opera/9.23 (Macintosh; Intel Mac OS X; U; ja)","browser":{"name":"Opera","version":"9.23","major":"9"},"engine":{},"os":{"name":"Mac OS"},"device":{},"cpu":{}},{"ua":"Opera/9.23 (Mac OS X; ru)","browser":{"name":"Opera","version":"9.23","major":"9"},"engine":{},"os":{"name":"Mac OS"},"device":{},"cpu":{}},{"ua":"Opera/9.23 (Mac OS X; fr)","browser":{"name":"Opera","version":"9.23","major":"9"},"engine":{},"os":{"name":"Mac OS"},"device":{},"cpu":{}},{"ua":"Opera/9.21 (Macintosh; PPC Mac OS X; U; en)","browser":{"name":"Opera","version":"9.21","major":"9"},"engine":{},"os":{"name":"Mac OS"},"device":{},"cpu":{"architecture":"ppc"}},{"ua":"Opera/9.21 (Macintosh; Intel Mac OS X; U; en)","browser":{"name":"Opera","version":"9.21","major":"9"},"engine":{},"os":{"name":"Mac OS"},"device":{},"cpu":{}},{"ua":"Opera/9.01 (Macintosh; PPC Mac OS X; U; it)","browser":{"name":"Opera","version":"9.01","major":"9"},"engine":{},"os":{"name":"Mac OS"},"device":{},"cpu":{"architecture":"ppc"}},{"ua":"Opera/9.01 (Macintosh; PPC Mac OS X; U; en)","browser":{"name":"Opera","version":"9.01","major":"9"},"engine":{},"os":{"name":"Mac OS"},"device":{},"cpu":{"architecture":"ppc"}},{"ua":"Opera/9.00 (Macintosh; PPC Mac OS X; U; es)","browser":{"name":"Opera","version":"9.00","major":"9"},"engine":{},"os":{"name":"Mac OS"},"device":{},"cpu":{"architecture":"ppc"}},{"ua":"Opera/8.51 (Macintosh; PPC Mac OS X; U; de)","browser":{"name":"Opera","version":"8.51","major":"8"},"engine":{},"os":{"name":"Mac OS"},"device":{},"cpu":{"architecture":"ppc"}},{"ua":"Mozilla/5.0 (Macintosh; PPC Mac OS X; U; en) Opera 8.51","browser":{"name":"Opera","version":"8.51","major":"8"},"engine":{},"os":{"name":"Mac OS"},"device":{},"cpu":{"architecture":"ppc"}},{"ua":"Opera/8.01 (Macintosh; U; PPC Mac OS; en)","browser":{"name":"Opera","version":"8.01","major":"8"},"engine":{},"os":{"name":"Mac OS"},"device":{},"cpu":{"architecture":"ppc"}},{"ua":"Opera/8.01 (Macintosh; PPC Mac OS X; U; en)","browser":{"name":"Opera","version":"8.01","major":"8"},"engine":{},"os":{"name":"Mac OS"},"device":{},"cpu":{"architecture":"ppc"}},{"ua":"Mozilla/4.0 (compatible; MSIE 5.23; Mac_PowerPC) Opera 7.54  [en]","browser":{"name":"Opera","version":"7.54","major":"7"},"engine":{},"os":{"name":"Mac OS"},"device":{},"cpu":{"architecture":"ppc"}},{"ua":"Opera/6.0 (Macintosh; PPC Mac OS X; U)","browser":{"name":"Opera","version":"6.0","major":"6"},"engine":{},"os":{"name":"Mac OS"},"device":{},"cpu":{"architecture":"ppc"}},{"ua":"Mozilla/4.0 (compatible; MSIE 5.0; Mac_PowerPC) Opera 6.0  [en]","browser":{"name":"Opera","version":"6.0","major":"6"},"engine":{},"os":{"name":"Mac OS"},"device":{},"cpu":{"architecture":"ppc"}},{"ua":"Mozilla/4.0 (compatible; MSIE 5.0; Mac_PowerPC) Opera 6.0  [de]","browser":{"name":"Opera","version":"6.0","major":"6"},"engine":{},"os":{"name":"Mac OS"},"device":{},"cpu":{"architecture":"ppc"}},{"ua":"Mozilla/4.0 (compatible; MSIE 5.0; Mac_PowerPC) Opera 5.12  [en]","browser":{"name":"Opera","version":"5.12","major":"5"},"engine":{},"os":{"name":"Mac OS"},"device":{},"cpu":{"architecture":"ppc"}},{"ua":"Opera/5.02 (Macintosh; U; id)","browser":{"name":"Opera","version":"5.02","major":"5"},"engine":{},"os":{"name":"Mac OS"},"device":{},"cpu":{}},{"ua":"Mozilla/4.0 (compatible; MSIE 5.0; Mac_PowerPC) Opera 5.0  [en]","browser":{"name":"Opera","version":"5.0","major":"5"},"engine":{},"os":{"name":"Mac OS"},"device":{},"cpu":{"architecture":"ppc"}},{"ua":"Mozilla/5.0 (Macintosh; Intel Mac OS X 10_14_3) AppleWebKit/537.36 (KHTML, like Gecko) Chrome/71.0.3578.98 Safari/537.36 OPR/58.0.3135.90","browser":{"name":"Opera","version":"58.0.3135.90","major":"58"},"engine":{"name":"Blink","version":"71.0.3578.98"},"os":{"name":"Mac OS","version":"10.14.3"},"device":{},"cpu":{}},{"ua":"Mozilla/5.0 (Macintosh; Intel Mac OS X 10_10_5) AppleWebKit/537.36 (KHTML, like Gecko) Chrome/70.0.3538.102 Safari/537.36 OPR/57.0.3098.106","browser":{"name":"Opera","version":"57.0.3098.106","major":"57"},"engine":{"name":"Blink","version":"70.0.3538.102"},"os":{"name":"Mac OS","version":"10.10.5"},"device":{},"cpu":{}},{"ua":"Mozilla/5.0 (Macintosh; Intel Mac OS X 10_11_6) AppleWebKit/537.36 (KHTML, like Gecko) Chrome/51.0.2704.106 Safari/537.36 OPR/38.0.2220.41","browser":{"name":"Opera","version":"38.0.2220.41","major":"38"},"engine":{"name":"Blink","version":"51.0.2704.106"},"os":{"name":"Mac OS","version":"10.11.6"},"device":{},"cpu":{}},{"ua":"Mozilla/5.0 (Macintosh; Intel Mac OS X 10_13_6) AppleWebKit/537.36 (KHTML, like Gecko) Chrome/71.0.3578.98 Safari/537.36 OPR/58.0.3135.79","browser":{"name":"Opera","version":"58.0.3135.79","major":"58"},"engine":{"name":"Blink","version":"71.0.3578.98"},"os":{"name":"Mac OS","version":"10.13.6"},"device":{},"cpu":{}},{"ua":"Mozilla/5.0 (Macintosh; Intel Mac OS X 10_14_4) AppleWebKit/537.36 (KHTML, like Gecko) Chrome/73.0.3683.103 Safari/537.36 OPR/60.0.3255.83","browser":{"name":"Opera","version":"60.0.3255.83","major":"60"},"engine":{"name":"Blink","version":"73.0.3683.103"},"os":{"name":"Mac OS","version":"10.14.4"},"device":{},"cpu":{}},{"ua":"Mozilla/5.0 (Macintosh; Intel Mac OS X 10_12_6) AppleWebKit/537.36 (KHTML, like Gecko) Chrome/73.0.3683.103 Safari/537.36 OPR/60.0.3255.170","browser":{"name":"Opera","version":"60.0.3255.170","major":"60"},"engine":{"name":"Blink","version":"73.0.3683.103"},"os":{"name":"Mac OS","version":"10.12.6"},"device":{},"cpu":{}},{"ua":"Mozilla/5.0 (Macintosh; Intel Mac OS X 10_13_6) AppleWebKit/537.36 (KHTML, like Gecko) Chrome/73.0.3683.103 Safari/537.36 OPR/60.0.3255.170","browser":{"name":"Opera","version":"60.0.3255.170","major":"60"},"engine":{"name":"Blink","version":"73.0.3683.103"},"os":{"name":"Mac OS","version":"10.13.6"},"device":{},"cpu":{}},{"ua":"Mozilla/5.0 (Macintosh; Intel Mac OS X 10_14_5) AppleWebKit/537.36 (KHTML, like Gecko) Chrome/73.0.3683.103 Safari/537.36 OPR/60.0.3255.170","browser":{"name":"Opera","version":"60.0.3255.170","major":"60"},"engine":{"name":"Blink","version":"73.0.3683.103"},"os":{"name":"Mac OS","version":"10.14.5"},"device":{},"cpu":{}},{"ua":"Mozilla/5.0 (Macintosh; Intel Mac OS X 10_15_3) AppleWebKit/537.36 (KHTML, like Gecko) Chrome/80.0.3987.122 Safari/537.36 OPR/67.0.3575.53","browser":{"name":"Opera","version":"67.0.3575.53","major":"67"},"engine":{"name":"Blink","version":"80.0.3987.122"},"os":{"name":"Mac OS","version":"10.15.3"},"device":{},"cpu":{}},{"ua":"Mozilla/5.0 (Macintosh; Intel Mac OS X 10_15_1) AppleWebKit/537.36 (KHTML, like Gecko) Chrome/80.0.3987.122 Safari/537.36 OPR/67.0.3575.53","browser":{"name":"Opera","version":"67.0.3575.53","major":"67"},"engine":{"name":"Blink","version":"80.0.3987.122"},"os":{"name":"Mac OS","version":"10.15.1"},"device":{},"cpu":{}},{"ua":"Mozilla/5.0 (Macintosh; Intel Mac OS X 10_15_1) AppleWebKit/537.36 (KHTML, like Gecko) Chrome/80.0.3987.122 Safari/537.36 OPR/67.0.3575.53","browser":{"name":"Opera","version":"67.0.3575.53","major":"67"},"engine":{"name":"Blink","version":"80.0.3987.122"},"os":{"name":"Mac OS","version":"10.15.1"},"device":{},"cpu":{}},{"ua":"Mozilla/5.0 (Macintosh; Intel Mac OS X 10_15_1) AppleWebKit/537.36 (KHTML, like Gecko) Chrome/80.0.3987.122 Safari/537.36 OPR/67.0.3575.53","browser":{"name":"Opera","version":"67.0.3575.53","major":"67"},"engine":{"name":"Blink","version":"80.0.3987.122"},"os":{"name":"Mac OS","version":"10.15.1"},"device":{},"cpu":{}},{"ua":"Mozilla/5.0 (Macintosh; Intel Mac OS X 10_15_1) AppleWebKit/537.36 (KHTML, like Gecko) Chrome/80.0.3987.122 Safari/537.36 OPR/67.0.3575.53","browser":{"name":"Opera","version":"67.0.3575.53","major":"67"},"engine":{"name":"Blink","version":"80.0.3987.122"},"os":{"name":"Mac OS","version":"10.15.1"},"device":{},"cpu":{}},{"ua":"Mozilla/5.0 (Macintosh; Intel Mac OS X 10_15_1) AppleWebKit/537.36 (KHTML, like Gecko) Chrome/80.0.3987.122 Safari/537.36 OPR/67.0.3575.53","browser":{"name":"Opera","version":"67.0.3575.53","major":"67"},"engine":{"name":"Blink","version":"80.0.3987.122"},"os":{"name":"Mac OS","version":"10.15.1"},"device":{},"cpu":{}},{"ua":"Mozilla/5.0 (Macintosh; Intel Mac OS X 10_15_1) AppleWebKit/537.36 (KHTML, like Gecko) Chrome/80.0.3987.122 Safari/537.36 OPR/67.0.3575.53","browser":{"name":"Opera","version":"67.0.3575.53","major":"67"},"engine":{"name":"Blink","version":"80.0.3987.122"},"os":{"name":"Mac OS","version":"10.15.1"},"device":{},"cpu":{}},{"ua":"Mozilla/5.0 (Macintosh; Intel Mac OS X 10_15_1) AppleWebKit/537.36 (KHTML, like Gecko) Chrome/80.0.3987.122 Safari/537.36 OPR/67.0.3575.53","browser":{"name":"Opera","version":"67.0.3575.53","major":"67"},"engine":{"name":"Blink","version":"80.0.3987.122"},"os":{"name":"Mac OS","version":"10.15.1"},"device":{},"cpu":{}},{"ua":"Mozilla/5.0 (Macintosh; Intel Mac OS X 10_15_1) AppleWebKit/537.36 (KHTML, like Gecko) Chrome/80.0.3987.122 Safari/537.36 OPR/67.0.3575.53","browser":{"name":"Opera","version":"67.0.3575.53","major":"67"},"engine":{"name":"Blink","version":"80.0.3987.122"},"os":{"name":"Mac OS","version":"10.15.1"},"device":{},"cpu":{}},{"ua":"Mozilla/5.0 (Macintosh; Intel Mac OS X 10_15_1) AppleWebKit/537.36 (KHTML, like Gecko) Chrome/80.0.3987.122 Safari/537.36 OPR/67.0.3575.53","browser":{"name":"Opera","version":"67.0.3575.53","major":"67"},"engine":{"name":"Blink","version":"80.0.3987.122"},"os":{"name":"Mac OS","version":"10.15.1"},"device":{},"cpu":{}},{"ua":"Mozilla/5.0 (Macintosh; Intel Mac OS X 10_15_1) AppleWebKit/537.36 (KHTML, like Gecko) Chrome/80.0.3987.122 Safari/537.36 OPR/67.0.3575.53","browser":{"name":"Opera","version":"67.0.3575.53","major":"67"},"engine":{"name":"Blink","version":"80.0.3987.122"},"os":{"name":"Mac OS","version":"10.15.1"},"device":{},"cpu":{}},{"ua":"Mozilla/5.0 (Macintosh; Intel Mac OS X 10_15_1) AppleWebKit/537.36 (KHTML, like Gecko) Chrome/80.0.3987.122 Safari/537.36 OPR/67.0.3575.53","browser":{"name":"Opera","version":"67.0.3575.53","major":"67"},"engine":{"name":"Blink","version":"80.0.3987.122"},"os":{"name":"Mac OS","version":"10.15.1"},"device":{},"cpu":{}},{"ua":"Mozilla/5.0 (Macintosh; Intel Mac OS X 10_15_1) AppleWebKit/537.36 (KHTML, like Gecko) Chrome/80.0.3987.122 Safari/537.36 OPR/67.0.3575.53","browser":{"name":"Opera","version":"67.0.3575.53","major":"67"},"engine":{"name":"Blink","version":"80.0.3987.122"},"os":{"name":"Mac OS","version":"10.15.1"},"device":{},"cpu":{}},{"ua":"Mozilla/5.0 (Macintosh; Intel Mac OS X 10_15_3) AppleWebKit/537.36 (KHTML, like Gecko) Chrome/79.0.3945.130 Safari/537.36 OPR/66.0.3515.115","browser":{"name":"Opera","version":"66.0.3515.115","major":"66"},"engine":{"name":"Blink","version":"79.0.3945.130"},"os":{"name":"Mac OS","version":"10.15.3"},"device":{},"cpu":{}},{"ua":"Mozilla/5.0 (Macintosh; Intel Mac OS X 10_13_6) AppleWebKit/537.36 (KHTML, like Gecko) Chrome/80.0.3987.122 Safari/537.36 OPR/67.0.3575.53","browser":{"name":"Opera","version":"67.0.3575.53","major":"67"},"engine":{"name":"Blink","version":"80.0.3987.122"},"os":{"name":"Mac OS","version":"10.13.6"},"device":{},"cpu":{}},{"ua":"Mozilla/5.0 (Macintosh; Intel Mac OS X 10_12_6) AppleWebKit/537.36 (KHTML, like Gecko) Chrome/80.0.3987.122 Safari/537.36 OPR/67.0.3575.53","browser":{"name":"Opera","version":"67.0.3575.53","major":"67"},"engine":{"name":"Blink","version":"80.0.3987.122"},"os":{"name":"Mac OS","version":"10.12.6"},"device":{},"cpu":{}},{"ua":"Mozilla/5.0 (Macintosh; Intel Mac OS X 10_15_3) AppleWebKit/537.36 (KHTML, like Gecko) Chrome/80.0.3987.122 Safari/537.36 OPR/67.0.3575.53","browser":{"name":"Opera","version":"67.0.3575.53","major":"67"},"engine":{"name":"Blink","version":"80.0.3987.122"},"os":{"name":"Mac OS","version":"10.15.3"},"device":{},"cpu":{}},{"ua":"Mozilla/5.0 (Macintosh; Intel Mac OS X 10_13_4) AppleWebKit/537.36 (KHTML, like Gecko) Chrome/79.0.3945.130 Safari/537.36 OPR/66.0.3515.115","browser":{"name":"Opera","version":"66.0.3515.115","major":"66"},"engine":{"name":"Blink","version":"79.0.3945.130"},"os":{"name":"Mac OS","version":"10.13.4"},"device":{},"cpu":{}},{"ua":"Mozilla/5.0 (Macintosh; Intel Mac OS X 10_15_1) AppleWebKit/537.36 (KHTML, like Gecko) Chrome/80.0.3987.122 Safari/537.36 OPR/67.0.3575.53","browser":{"name":"Opera","version":"67.0.3575.53","major":"67"},"engine":{"name":"Blink","version":"80.0.3987.122"},"os":{"name":"Mac OS","version":"10.15.1"},"device":{},"cpu":{}},{"ua":"Mozilla/5.0 (Macintosh; Intel Mac OS X 10_15_6) AppleWebKit/537.36 (KHTML, like Gecko) Chrome/83.0.4103.116 Safari/537.36 OPR/69.0.3686.77","browser":{"name":"Opera","version":"69.0.3686.77","major":"69"},"engine":{"name":"Blink","version":"83.0.4103.116"},"os":{"name":"Mac OS","version":"10.15.6"},"device":{},"cpu":{}},{"ua":"Mozilla/5.0 (Macintosh; Intel Mac OS X 10_13_6) AppleWebKit/537.36 (KHTML, like Gecko) Chrome/81.0.4044.138 Safari/537.36 OPR/68.0.3618.125","browser":{"name":"Opera","version":"68.0.3618.125","major":"68"},"engine":{"name":"Blink","version":"81.0.4044.138"},"os":{"name":"Mac OS","version":"10.13.6"},"device":{},"cpu":{}},{"ua":"Mozilla/5.0 (Macintosh; Intel Mac OS X 10_15_6) AppleWebKit/537.36 (KHTML, like Gecko) Chrome/84.0.4147.135 Safari/537.36 OPR/70.0.3728.154","browser":{"name":"Opera","version":"70.0.3728.154","major":"70"},"engine":{"name":"Blink","version":"84.0.4147.135"},"os":{"name":"Mac OS","version":"10.15.6"},"device":{},"cpu":{}},{"ua":"Mozilla/5.0 (Macintosh; Intel Mac OS X 10_15_6) AppleWebKit/537.36 (KHTML, like Gecko) Chrome/84.0.4147.135 Safari/537.36 OPR/70.0.3728.144","browser":{"name":"Opera","version":"70.0.3728.144","major":"70"},"engine":{"name":"Blink","version":"84.0.4147.135"},"os":{"name":"Mac OS","version":"10.15.6"},"device":{},"cpu":{}},{"ua":"Mozilla/5.0 (Macintosh; Intel Mac OS X 10_15_7) AppleWebKit/537.36 (KHTML, like Gecko) Chrome/87.0.4280.88 Safari/537.36 OPR/73.0.3856.284","browser":{"name":"Opera","version":"73.0.3856.284","major":"73"},"engine":{"name":"Blink","version":"87.0.4280.88"},"os":{"name":"Mac OS","version":"10.15.7"},"device":{},"cpu":{}},{"ua":"Mozilla/5.0 (Macintosh; Intel Mac OS X 10_13_6) AppleWebKit/537.36 (KHTML, like Gecko) Chrome/85.0.4183.121 Safari/537.36 OPR/71.0.3770.228","browser":{"name":"Opera","version":"71.0.3770.228","major":"71"},"engine":{"name":"Blink","version":"85.0.4183.121"},"os":{"name":"Mac OS","version":"10.13.6"},"device":{},"cpu":{}},{"ua":"Mozilla/5.0 (Macintosh; Intel Mac OS X 10_15_7) AppleWebKit/537.36 (KHTML, like Gecko) Chrome/86.0.4240.198 Safari/537.36 OPR/72.0.3815.459","browser":{"name":"Opera","version":"72.0.3815.459","major":"72"},"engine":{"name":"Blink","version":"86.0.4240.198"},"os":{"name":"Mac OS","version":"10.15.7"},"device":{},"cpu":{}},{"ua":"Mozilla/5.0 (Macintosh; Intel Mac OS X 11_0_0) AppleWebKit/537.36 (KHTML, like Gecko) Chrome/87.0.4280.88 Safari/537.36 OPR/73.0.3856.284","browser":{"name":"Opera","version":"73.0.3856.284","major":"73"},"engine":{"name":"Blink","version":"87.0.4280.88"},"os":{"name":"Mac OS","version":"11.0.0"},"device":{},"cpu":{}},{"ua":"Mozilla/5.0 (Macintosh; Intel Mac OS X 10_15_7) AppleWebKit/537.36 (KHTML, like Gecko) Chrome/86.0.4240.198 Safari/537.36 OPR/72.0.3815.450","browser":{"name":"Opera","version":"72.0.3815.450","major":"72"},"engine":{"name":"Blink","version":"86.0.4240.198"},"os":{"name":"Mac OS","version":"10.15.7"},"device":{},"cpu":{}},{"ua":"Mozilla/5.0 (Macintosh; Intel Mac OS X 10_14_6) AppleWebKit/537.36 (KHTML, like Gecko) Chrome/87.0.4280.88 Safari/537.36 OPR/73.0.3856.284","browser":{"name":"Opera","version":"73.0.3856.284","major":"73"},"engine":{"name":"Blink","version":"87.0.4280.88"},"os":{"name":"Mac OS","version":"10.14.6"},"device":{},"cpu":{}},{"ua":"Mozilla/5.0 (Macintosh; Intel Mac OS X 10_9_5) AppleWebKit/537.36 (KHTML, like Gecko) Chrome/62.0.3202.94 Safari/537.36 OPR/49.0.2725.64","browser":{"name":"Opera","version":"49.0.2725.64","major":"49"},"engine":{"name":"Blink","version":"62.0.3202.94"},"os":{"name":"Mac OS","version":"10.9.5"},"device":{},"cpu":{}},{"ua":"Mozilla/5.0 (Macintosh; Intel Mac OS X 11_1_0) AppleWebKit/537.36 (KHTML, like Gecko) Chrome/88.0.4324.150 Safari/537.36 OPR/74.0.3911.160","browser":{"name":"Opera","version":"74.0.3911.160","major":"74"},"engine":{"name":"Blink","version":"88.0.4324.150"},"os":{"name":"Mac OS","version":"11.1.0"},"device":{},"cpu":{}},{"ua":"Mozilla/5.0 (Macintosh; Intel Mac OS X 10_15_4) AppleWebKit/537.36 (KHTML, like Gecko) Chrome/88.0.4324.150 Safari/537.36 OPR/74.0.3911.107","browser":{"name":"Opera","version":"74.0.3911.107","major":"74"},"engine":{"name":"Blink","version":"88.0.4324.150"},"os":{"name":"Mac OS","version":"10.15.4"},"device":{},"cpu":{}},{"ua":"Mozilla/5.0 (Macintosh; Intel Mac OS X 10_15_7) AppleWebKit/537.36 (KHTML, like Gecko) Chrome/87.0.4280.141 Safari/537.36 OPR/73.0.3856.400","browser":{"name":"Opera","version":"73.0.3856.400","major":"73"},"engine":{"name":"Blink","version":"87.0.4280.141"},"os":{"name":"Mac OS","version":"10.15.7"},"device":{},"cpu":{}},{"ua":"Mozilla/5.0 (Macintosh; Intel Mac OS X 11_2_2) AppleWebKit/537.36 (KHTML, like Gecko) Chrome/88.0.4324.150 Safari/537.36 OPR/74.0.3911.160","browser":{"name":"Opera","version":"74.0.3911.160","major":"74"},"engine":{"name":"Blink","version":"88.0.4324.150"},"os":{"name":"Mac OS","version":"11.2.2"},"device":{},"cpu":{}},{"ua":"Mozilla/5.0 (Macintosh; Intel Mac OS X 10_15_7) AppleWebKit/537.36 (KHTML, like Gecko) Chrome/87.0.4280.88 Safari/537.36 OPR/73.0.3856.284","browser":{"name":"Opera","version":"73.0.3856.284","major":"73"},"engine":{"name":"Blink","version":"87.0.4280.88"},"os":{"name":"Mac OS","version":"10.15.7"},"device":{},"cpu":{}},{"ua":"Mozilla/5.0 (Macintosh; Intel Mac OS X 11_0_0) AppleWebKit/537.36 (KHTML, like Gecko) Chrome/87.0.4280.141 Safari/537.36 OPR/73.0.3856.400","browser":{"name":"Opera","version":"73.0.3856.400","major":"73"},"engine":{"name":"Blink","version":"87.0.4280.141"},"os":{"name":"Mac OS","version":"11.0.0"},"device":{},"cpu":{}},{"ua":"Mozilla/5.0 (Macintosh; Intel Mac OS X 11_1_0) AppleWebKit/537.36 (KHTML, like Gecko) Chrome/88.0.4324.150 Safari/537.36 OPR/74.0.3911.107","browser":{"name":"Opera","version":"74.0.3911.107","major":"74"},"engine":{"name":"Blink","version":"88.0.4324.150"},"os":{"name":"Mac OS","version":"11.1.0"},"device":{},"cpu":{}},{"ua":"Mozilla/5.0 (Macintosh; Intel Mac OS X 10_13_4) AppleWebKit/537.36 (KHTML, like Gecko) Chrome/88.0.4324.150 Safari/537.36 OPR/74.0.3911.160","browser":{"name":"Opera","version":"74.0.3911.160","major":"74"},"engine":{"name":"Blink","version":"88.0.4324.150"},"os":{"name":"Mac OS","version":"10.13.4"},"device":{},"cpu":{}},{"ua":"Mozilla/5.0 (Macintosh; Intel Mac OS X 10_12_6) AppleWebKit/537.36 (KHTML, like Gecko) Chrome/87.0.4280.141 Safari/537.36 OPR/73.0.3856.400","browser":{"name":"Opera","version":"73.0.3856.400","major":"73"},"engine":{"name":"Blink","version":"87.0.4280.141"},"os":{"name":"Mac OS","version":"10.12.6"},"device":{},"cpu":{}},{"ua":"Mozilla/5.0 (Macintosh; Intel Mac OS X 11_2_0) AppleWebKit/537.36 (KHTML, like Gecko) Chrome/88.0.4324.192 Safari/537.36 OPR/74.0.3911.218","browser":{"name":"Opera","version":"74.0.3911.218","major":"74"},"engine":{"name":"Blink","version":"88.0.4324.192"},"os":{"name":"Mac OS","version":"11.2.0"},"device":{},"cpu":{}},{"ua":"Mozilla/5.0 (Macintosh; Intel Mac OS X 10_15_6) AppleWebKit/537.36 (KHTML, like Gecko) Chrome/84.0.4147.135 Safari/537.36 OPR/70.0.3728.154","browser":{"name":"Opera","version":"70.0.3728.154","major":"70"},"engine":{"name":"Blink","version":"84.0.4147.135"},"os":{"name":"Mac OS","version":"10.15.6"},"device":{},"cpu":{}},{"ua":"Mozilla/5.0 (Macintosh; Intel Mac OS X 10_15_6) AppleWebKit/537.36 (KHTML, like Gecko) Chrome/84.0.4147.135 Safari/537.36 OPR/70.0.3728.144","browser":{"name":"Opera","version":"70.0.3728.144","major":"70"},"engine":{"name":"Blink","version":"84.0.4147.135"},"os":{"name":"Mac OS","version":"10.15.6"},"device":{},"cpu":{}},{"ua":"Mozilla/5.0 (Macintosh; Intel Mac OS X 11_3_0) AppleWebKit/537.36 (KHTML, like Gecko) Chrome/89.0.4389.90 Safari/537.36 OPR/75.0.3969.149","browser":{"name":"Opera","version":"75.0.3969.149","major":"75"},"engine":{"name":"Blink","version":"89.0.4389.90"},"os":{"name":"Mac OS","version":"11.3.0"},"device":{},"cpu":{}},{"ua":"Mozilla/5.0 (Macintosh; Intel Mac OS X 10_15_6) AppleWebKit/537.36 (KHTML, like Gecko) Chrome/89.0.4389.90 Safari/537.36 OPR/75.0.3969.149","browser":{"name":"Opera","version":"75.0.3969.149","major":"75"},"engine":{"name":"Blink","version":"89.0.4389.90"},"os":{"name":"Mac OS","version":"10.15.6"},"device":{},"cpu":{}},{"ua":"Mozilla/5.0 (Macintosh; Intel Mac OS X 10_13_6) AppleWebKit/537.36 (KHTML, like Gecko) Chrome/88.0.4324.192 Safari/537.36 OPR/74.0.3911.218","browser":{"name":"Opera","version":"74.0.3911.218","major":"74"},"engine":{"name":"Blink","version":"88.0.4324.192"},"os":{"name":"Mac OS","version":"10.13.6"},"device":{},"cpu":{}},{"ua":"Mozilla/5.0 (Macintosh; Intel Mac OS X 11_2_2) AppleWebKit/537.36 (KHTML, like Gecko) Chrome/88.0.4324.192 Safari/537.36 OPR/74.0.3911.218","browser":{"name":"Opera","version":"74.0.3911.218","major":"74"},"engine":{"name":"Blink","version":"88.0.4324.192"},"os":{"name":"Mac OS","version":"11.2.2"},"device":{},"cpu":{}},{"ua":"Mozilla/5.0 (Macintosh; Intel Mac OS X 11_2_3) AppleWebKit/537.36 (KHTML, like Gecko) Chrome/89.0.4389.90 Safari/537.36 OPR/75.0.3969.149","browser":{"name":"Opera","version":"75.0.3969.149","major":"75"},"engine":{"name":"Blink","version":"89.0.4389.90"},"os":{"name":"Mac OS","version":"11.2.3"},"device":{},"cpu":{}},{"ua":"Mozilla/5.0 (Macintosh; Intel Mac OS X 11_3) AppleWebKit/537.36 (KHTML, like Gecko) Chrome/90.0.4430.93 Safari/537.36 OPR/76.0.4017.94","browser":{"name":"Opera","version":"76.0.4017.94","major":"76"},"engine":{"name":"Blink","version":"90.0.4430.93"},"os":{"name":"Mac OS","version":"11.3"},"device":{},"cpu":{}},{"ua":"Mozilla/5.0 (Macintosh; Intel Mac OS X 11_2_3) AppleWebKit/537.36 (KHTML, like Gecko) Chrome/89.0.4389.128 Safari/537.36 OPR/75.0.3969.250","browser":{"name":"Opera","version":"75.0.3969.250","major":"75"},"engine":{"name":"Blink","version":"89.0.4389.128"},"os":{"name":"Mac OS","version":"11.2.3"},"device":{},"cpu":{}},{"ua":"Mozilla/5.0 (Macintosh; Intel Mac OS X 11_0_0) AppleWebKit/537.36 (KHTML, like Gecko) Chrome/87.0.4280.141 Safari/537.36 OPR/73.0.3856.438","browser":{"name":"Opera","version":"73.0.3856.438","major":"73"},"engine":{"name":"Blink","version":"87.0.4280.141"},"os":{"name":"Mac OS","version":"11.0.0"},"device":{},"cpu":{}},{"ua":"Mozilla/5.0 (Macintosh; Intel Mac OS X 10_13_6) AppleWebKit/537.36 (KHTML, like Gecko) Chrome/89.0.4389.128 Safari/537.36 OPR/75.0.3969.250","browser":{"name":"Opera","version":"75.0.3969.250","major":"75"},"engine":{"name":"Blink","version":"89.0.4389.128"},"os":{"name":"Mac OS","version":"10.13.6"},"device":{},"cpu":{}},{"ua":"Mozilla/5.0 (Macintosh; Intel Mac OS X 10_14_6) AppleWebKit/537.36 (KHTML, like Gecko) Chrome/89.0.4389.128 Safari/537.36 OPR/75.0.3969.250","browser":{"name":"Opera","version":"75.0.3969.250","major":"75"},"engine":{"name":"Blink","version":"89.0.4389.128"},"os":{"name":"Mac OS","version":"10.14.6"},"device":{},"cpu":{}},{"ua":"Mozilla/5.0 (Macintosh; Intel Mac OS X 10_15_7) AppleWebKit/537.36 (KHTML, like Gecko) Chrome/91.0.4472.114 Safari/537.36 OPR/77.0.4054.146","browser":{"name":"Opera","version":"77.0.4054.146","major":"77"},"engine":{"name":"Blink","version":"91.0.4472.114"},"os":{"name":"Mac OS","version":"10.15.7"},"device":{},"cpu":{}},{"ua":"Mozilla/5.0 (Macintosh; Intel Mac OS X 10_15_2) AppleWebKit/537.36 (KHTML, like Gecko) Chrome/90.0.4430.212 Safari/537.36 OPR/76.0.4017.177","browser":{"name":"Opera","version":"76.0.4017.177","major":"76"},"engine":{"name":"Blink","version":"90.0.4430.212"},"os":{"name":"Mac OS","version":"10.15.2"},"device":{},"cpu":{}},{"ua":"Mozilla/5.0 (Macintosh; Intel Mac OS X 10_15_7) AppleWebKit/537.36 (KHTML, like Gecko) Chrome/91.0.4472.101 Safari/537.36 OPR/77.0.4054.90","browser":{"name":"Opera","version":"77.0.4054.90","major":"77"},"engine":{"name":"Blink","version":"91.0.4472.101"},"os":{"name":"Mac OS","version":"10.15.7"},"device":{},"cpu":{}},{"ua":"Mozilla/5.0 (Macintosh; Intel Mac OS X 10_13_6) AppleWebKit/537.36 (KHTML, like Gecko) Chrome/73.0.3683.103 Safari/537.36 OPR/60.0.3255.170","browser":{"name":"Opera","version":"60.0.3255.170","major":"60"},"engine":{"name":"Blink","version":"73.0.3683.103"},"os":{"name":"Mac OS","version":"10.13.6"},"device":{},"cpu":{}},{"ua":"Mozilla/5.0 (Macintosh; Intel Mac OS X 10_12_6) AppleWebKit/537.36 (KHTML, like Gecko) Chrome/94.0.4606.81 Safari/537.36 OPR/80.0.4170.63","browser":{"name":"Opera","version":"80.0.4170.63","major":"80"},"engine":{"name":"Blink","version":"94.0.4606.81"},"os":{"name":"Mac OS","version":"10.12.6"},"device":{},"cpu":{}},{"ua":"Mozilla/5.0 (Macintosh; Intel Mac OS X 10_15_7) AppleWebKit/537.36 (KHTML, like Gecko) Chrome/94.0.4606.81 Safari/537.36 OPR/80.0.4170.61","browser":{"name":"Opera","version":"80.0.4170.61","major":"80"},"engine":{"name":"Blink","version":"94.0.4606.81"},"os":{"name":"Mac OS","version":"10.15.7"},"device":{},"cpu":{}},{"ua":"Mozilla/5.0 (Macintosh; Intel Mac OS X 10_15_7) AppleWebKit/537.36 (KHTML, like Gecko) Chrome/94.0.4606.81 Safari/537.36 OPR/80.0.4170.91","browser":{"name":"Opera","version":"80.0.4170.91","major":"80"},"engine":{"name":"Blink","version":"94.0.4606.81"},"os":{"name":"Mac OS","version":"10.15.7"},"device":{},"cpu":{}},{"ua":"Mozilla/5.0 (Macintosh; Intel Mac OS X 10_15_7) AppleWebKit/537.36 (KHTML, like Gecko) Chrome/97.0.4692.99 Safari/537.36 OPR/83.0.4254.46","browser":{"name":"Opera","version":"83.0.4254.46","major":"83"},"engine":{"name":"Blink","version":"97.0.4692.99"},"os":{"name":"Mac OS","version":"10.15.7"},"device":{},"cpu":{}},{"ua":"Mozilla/5.0 (Macintosh; Intel Mac OS X 10_13_6) AppleWebKit/537.36 (KHTML, like Gecko) Chrome/71.0.3578.98 Safari/537.36 OPR/58.0.3135.79","browser":{"name":"Opera","version":"58.0.3135.79","major":"58"},"engine":{"name":"Blink","version":"71.0.3578.98"},"os":{"name":"Mac OS","version":"10.13.6"},"device":{},"cpu":{}},{"ua":"Mozilla/5.0 (Macintosh; Intel Mac OS X 11_6) AppleWebKit/537.36 (KHTML, like Gecko) Chrome/95.0.4638.54 Safari/537.36 OPR/80.0.4170.40","browser":{"name":"Opera","version":"80.0.4170.40","major":"80"},"engine":{"name":"Blink","version":"95.0.4638.54"},"os":{"name":"Mac OS","version":"11.6"},"device":{},"cpu":{}},{"ua":"Mozilla/5.0 (Macintosh; Intel Mac OS X 10_13_6) AppleWebKit/537.36 (KHTML, like Gecko) Chrome/97.0.4692.99 Safari/537.36 OPR/83.0.4254.27","browser":{"name":"Opera","version":"83.0.4254.27","major":"83"},"engine":{"name":"Blink","version":"97.0.4692.99"},"os":{"name":"Mac OS","version":"10.13.6"},"device":{},"cpu":{}},{"ua":"Mozilla/5.0 (Macintosh; Intel Mac OS X 10_15_7) AppleWebKit/537.36 (KHTML, like Gecko) Chrome/97.0.4692.99 Safari/537.36 OPR/83.0.4254.27","browser":{"name":"Opera","version":"83.0.4254.27","major":"83"},"engine":{"name":"Blink","version":"97.0.4692.99"},"os":{"name":"Mac OS","version":"10.15.7"},"device":{},"cpu":{}},{"ua":"Mozilla/5.0 (Macintosh; Intel Mac OS X 10_15_7) AppleWebKit/537.36 (KHTML, like Gecko) Chrome/85.0.4183.121 Safari/537.36 OPR/71.0.3770.271","browser":{"name":"Opera","version":"71.0.3770.271","major":"71"},"engine":{"name":"Blink","version":"85.0.4183.121"},"os":{"name":"Mac OS","version":"10.15.7"},"device":{},"cpu":{}},{"ua":"Mozilla/5.0 (Macintosh; Intel Mac OS X 10_15_7) AppleWebKit/537.36 (KHTML, like Gecko) Chrome/99.0.4844.84 Safari/537.36 OPR/85.0.4341.65","browser":{"name":"Opera","version":"85.0.4341.65","major":"85"},"engine":{"name":"Blink","version":"99.0.4844.84"},"os":{"name":"Mac OS","version":"10.15.7"},"device":{},"cpu":{}},{"ua":"Mozilla/5.0 (Macintosh; Intel Mac OS X 10_15_7) AppleWebKit/537.36 (KHTML, like Gecko) Chrome/99.0.4844.84 Safari/537.36 OPR/85.0.4341.60","browser":{"name":"Opera","version":"85.0.4341.60","major":"85"},"engine":{"name":"Blink","version":"99.0.4844.84"},"os":{"name":"Mac OS","version":"10.15.7"},"device":{},"cpu":{}},{"ua":"Mozilla/5.0 (Macintosh; Intel Mac OS X 10_15_7) AppleWebKit/537.36 (KHTML, like Gecko) Chrome/99.0.4844.84 Safari/537.36 OPR/85.0.4341.79","browser":{"name":"Opera","version":"85.0.4341.79","major":"85"},"engine":{"name":"Blink","version":"99.0.4844.84"},"os":{"name":"Mac OS","version":"10.15.7"},"device":{},"cpu":{}},{"ua":"Mozilla/5.0 (Macintosh; Intel Mac OS X 10_15_7) AppleWebKit/537.36 (KHTML, like Gecko) Chrome/99.0.4844.84 Safari/537.36 OPR/85.0.4341.75","browser":{"name":"Opera","version":"85.0.4341.75","major":"85"},"engine":{"name":"Blink","version":"99.0.4844.84"},"os":{"name":"Mac OS","version":"10.15.7"},"device":{},"cpu":{}},{"ua":"Mozilla/5.0 (Macintosh; Intel Mac OS X 10_14_6) AppleWebKit/537.36 (KHTML, like Gecko) Chrome/104.0.5112.102 Safari/537.36 OPR/90.0.4480.84","browser":{"name":"Opera","version":"90.0.4480.84","major":"90"},"engine":{"name":"Blink","version":"104.0.5112.102"},"os":{"name":"Mac OS","version":"10.14.6"},"device":{},"cpu":{}},{"ua":"Mozilla/5.0 (Macintosh; Intel Mac OS X 10_15_7) AppleWebKit/537.36 (KHTML, like Gecko) Chrome/106.0.0.0 Safari/537.36 OPR/92.0.0.0","browser":{"name":"Opera","version":"92.0.0.0","major":"92"},"engine":{"name":"Blink","version":"106.0.0.0"},"os":{"name":"Mac OS","version":"10.15.7"},"device":{},"cpu":{}},{"ua":"Mozilla/5.0 (Macintosh; Intel Mac OS X 10_15_7) AppleWebKit/537.36 (KHTML, like Gecko) Chrome/104.0.5112.102 Safari/537.36 OPR/90.0.4480.78","browser":{"name":"Opera","version":"90.0.4480.78","major":"90"},"engine":{"name":"Blink","version":"104.0.5112.102"},"os":{"name":"Mac OS","version":"10.15.7"},"device":{},"cpu":{}},{"ua":"Mozilla/5.0 (Macintosh; Intel Mac OS X 10_15_7) AppleWebKit/537.36 (KHTML, like Gecko) Chrome/111.0.0.0 Safari/537.36 OPR/97.0.0.0","browser":{"name":"Opera","version":"97.0.0.0","major":"97"},"engine":{"name":"Blink","version":"111.0.0.0"},"os":{"name":"Mac OS","version":"10.15.7"},"device":{},"cpu":{}},{"ua":"Mozilla/5.0 (Macintosh; Intel Mac OS X 10_15_7) AppleWebKit/537.36 (KHTML, like Gecko) Chrome/110.0.0.0 Safari/537.36 OPR/96.0.0.0","browser":{"name":"Opera","version":"96.0.0.0","major":"96"},"engine":{"name":"Blink","version":"110.0.0.0"},"os":{"name":"Mac OS","version":"10.15.7"},"device":{},"cpu":{}}]