{"browser":["Bot","IE","Konqueror","Opera","Firefox","Chrome","Mobile Safari","IEMobile","Safari","Android Browser","Opera Mobi","Opera Mini","UCBrowser","Puffin","Samsung Browser","Yandex","MIUI Browser","Edge","WebKit","Blazer","BOLT","Fennec","Maemo Browser","Minimo","Kindle","Skyfire","Chromium","Avant ","Maxthon","Arora","Mozilla","Epiphany","Camino","Chimera","Comodo Dragon","Conkeror","Links","Firebird","Swiftfox","Netscape","Flock","iCab","Iceape","IceCat","IceWeasel","Iron","K-Meleon","Lunascape","Lynx","Midori","KHTML","Mosaic","NetSurf","OmniWeb","Opera Tablet","PaleMoon","Phoenix","RockMelt","SeaMonkey","Slim","w3m","IceDragon","Waterfox","GSA","Whale","Coc Coc","Vivaldi","Facebook","Avast Secure Browser","Chrome WebView","QQBrowser","Iridium","AVG Secure Browser","Basilisk","Chrome Headless","baiduboxapp","Silk","Opera Touch","TizenBrowser","Tesla","Brave","Instagram","WeChat"],"os":["Misc","Windows","Linux","Mac OS","Android","iOS","Windows Phone","BlackBerry","Symbian","Maemo","Windows Phone OS","OpenBSD","Windows Mobile","Unix","Ubuntu","Fedora","Debian","BeOS","Haiku","Solaris","Chromium OS","NetBSD","FreeBSD","Slackware","SUSE","Gentoo","Mageia","Arch","Red Hat","CentOS","Mint","DragonFly","Kubuntu","Mandriva","Zenwalk","GNU","OS/2","AIX","QNX","HP-UX","RISC OS","Nintendo","OpenSolaris","AmigaOS","BSD","OpenVMS","Raspbian","Tizen","Xbox","PlayStation","openSUSE"],"matching":{"bot":["misc"],"ie":["windows","mac os","linux","unix","xbox"],"konqueror":["linux","freebsd","fedora","kubuntu","slackware","openbsd","dragonfly","windows","solaris","netbsd","suse","debian"],"opera":["mac os","windows","android","symbian","maemo","ubuntu","linux","debian","mint","freebsd","nintendo","opensolaris","solaris","openbsd","kubuntu","unix"],"firefox":["mac os","windows","android","ios","ubuntu","linux","fedora","openbsd","netbsd","mageia","debian","freebsd","arch","gentoo","red hat","suse","centos","slackware","mint","dragonfly","solaris","kubuntu","mandriva","beos","zenwalk","windows phone"],"chrome":["mac os","windows","android","linux","openbsd","chromium os","netbsd","freebsd","slackware","suse","ubuntu","debian","ios","fedora","unix","xbox","windows phone","mint","opensuse"],"mobile safari":["ios","android","mac os"],"iemobile":["windows phone","windows phone os","windows"],"safari":["mac os","blackberry","android","symbian","windows","linux","ios","bsd","netbsd","playstation"],"android browser":["android","windows"],"opera mobi":["android","symbian","windows mobile","windows","mac os","linux"],"opera mini":["ios","symbian","android","windows mobile","windows","mac os","linux","unix"],"ucbrowser":["android","windows"],"puffin":["android"],"samsung browser":["android","linux","tizen"],"yandex":["android","windows","mac os","linux","ios","fedora"],"miui browser":["android"],"edge":["windows phone","windows","mac os","xbox","android","windows mobile","ios","linux"],"webkit":["android","symbian","mac os","windows","linux","arch","unix","ios","playstation","xbox","windows phone"],"blazer":["windows"],"bolt":["windows"],"fennec":["android","windows","maemo","mac os","linux"],"maemo browser":["maemo"],"minimo":["linux","windows","openbsd"],"kindle":["linux","android"],"skyfire":["mac os"],"chromium":["ubuntu","linux","netbsd","raspbian","windows"],"avant ":["windows"],"maxthon":["windows"],"arora":["linux","windows"],"mozilla":["windows","debian","linux","ubuntu","mac os","openbsd","beos","haiku","solaris","gentoo","freebsd","kubuntu","fedora","mint","red hat","os/2","aix","qnx","hp-ux","netbsd","openvms","unix"],"epiphany":["linux","ubuntu","openbsd","freebsd","suse","fedora","debian","gentoo","solaris"],"camino":["mac os"],"chimera":["mac os"],"comodo dragon":["windows","linux"],"conkeror":["debian","windows","linux"],"links":["linux","netbsd","gentoo","unix","openbsd","freebsd","mac os","solaris","debian"],"firebird":["windows","mac os","solaris","linux"],"swiftfox":["linux"],"netscape":["windows","mac os","linux","solaris","hp-ux","aix","xbox"],"flock":["mac os","windows","linux"],"icab":["mac os","windows"],"iceape":["linux"],"icecat":["linux"],"iceweasel":["linux","debian","gentoo","ubuntu","windows"],"iron":["windows","linux","mac os"],"k-meleon":["windows","linux","freebsd"],"lunascape":["windows"],"lynx":["gnu"],"midori":["linux","freebsd","windows","arch","netbsd"],"khtml":["windows"],"mosaic":["windows","aix","solaris"],"netsurf":["risc os","linux","netbsd"],"omniweb":["mac os"],"opera tablet":["windows","symbian"],"palemoon":["windows"],"phoenix":["linux","windows","mac os"],"rockmelt":["windows","mac os"],"seamonkey":["windows","linux","os/2","mac os","freebsd","openbsd","fedora","suse","mandriva","gentoo","beos","haiku","amigaos","centos","red hat","netbsd"],"slim":["windows","android"],"w3m":["debian"],"icedragon":["windows"],"waterfox":["windows","linux","mac os"],"gsa":["ios"],"whale":["windows","mac os"],"coc coc":["windows"],"vivaldi":["windows","linux","netbsd","mac os"],"facebook":["ios","android"],"avast secure browser":["windows"],"chrome webview":["android"],"qqbrowser":["windows"],"iridium":["windows"],"avg secure browser":["windows"],"basilisk":["windows"],"chrome headless":["linux","xbox"],"baiduboxapp":["android"],"silk":["mac os","android","linux","playstation"],"opera touch":["ios","android"],"tizenbrowser":["tizen"],"tesla":["linux","windows"],"brave":["android","mac os","windows","gentoo","mint","linux","openbsd","ios"],"instagram":["android"],"wechat":["ios"]}}